Symbol,Quant Rating,SA Analyst Ratings,Wall Street Ratings,Valuation Grade,Growth Grade,Profitability Grade,Momentum Grade,EPS Revision Grade,Upcoming Announce Date,EPS Estimate,Revenue Estimate,Last Quarter Announce Date,EPS Actual,EPS Surprise,Revenue Actual,Revenue Surprise,Yield TTM,Payout Ratio,Div Consistency,Div Yield,Div Growth,Div Safety,Altman Z Score,Market Cap,P/E FWD,Price / Sales,EV / EBITDA,Price / Book,Net Income 3Y,Revenue 3Y,EPS Growth (FWD),EPS YoY,Revenue FWD,Revenue YoY,FCF Margin,EBITDA Margin,Profit Margin,Return on Assets,Return on Equity
A,3.06,4.00,4.33,F,D-,A,C-,A-,5/26/2026,1.40892,1799626250,2/25/2026,1.36,-0.00826,1798000000,-10013900,0.87%,17.74%,B,D+,A-,A-,5.04,32654698000,19.36,4.64,17.48,4.73,-0.84%,0.65%,7.56%,3.94%,6.41%,8.14%,12.11%,27.90%,52.30%,10.07%,19.95%
ABT,2.80,4.22,4.32,C+,D,A+,D+,D,7/15/2026,1.27721,12536372870,4/16/2026,1.15,0.00378,11164000000,166294340,2.68%,46.83%,A,B+,B+,C+,5.76,1.58717E+11,16.62,3.52,13.54,3.04,2.64%,2.83%,9.10%,-53.65%,9.34%,6.59%,14.19%,26.92%,56.47%,7.24%,12.96%
ACLS,3.11,4.00,3.60,D,F,B-,A,D-,5/7/2026,0.71,195033230,2/17/2026,1.49,0.372,238330000,23283890,-,-,-,-,-,-,6.24,4398380500,39.30,5.39,31.70,4.25,-13.08%,-3.02%,-9.81%,-38.21%,-3.85%,-17.57%,8.48%,15.40%,44.91%,8.83%,11.75%
ACM,3.21,4.00,4.50,B-,C+,C+,D-,A,5/11/2026,1.5384,3976988840,2/9/2026,1.29,0.12664,3830834000,303765200,1.42%,20.80%,D,C+,B+,C+,2.45,10390926000,13.52,0.66,10.10,4.66,11.67%,6.35%,13.56%,4.47%,3.12%,-1.62%,3.90%,7.87%,7.70%,3.93%,28.15%
ACN,3.11,3.91,4.14,B+,D-,A+,D,B-,6/18/2026,3.72668,18808052370,3/19/2026,2.93,0.09261,18044066000,204607620,3.57%,47.57%,A-,A,A-,A-,5.21,1.09502E+11,12.85,1.54,8.64,3.51,3.29%,4.53%,7.66%,0.69%,6.33%,7.27%,16.87%,17.66%,32.03%,11.40%,24.76%
ADBE,3.06,4.19,3.58,B,D,A+,D+,B-,6/11/2026,5.82517,6454288800,3/12/2026,6.06,0.18686,6398000000,121083430,-,-,-,-,-,-,8.92,99206850000,10.45,4.21,10.40,8.72,15.02%,10.75%,12.73%,13.10%,9.76%,10.96%,38.12%,38.92%,89.40%,24.27%,58.77%
ADP,3.20,2.80,3.22,B-,C,A+,D-,A-,4/29/2026,3.29555,5848389130,1/28/2026,2.62,0.05139,5359300000,21003680,3.30%,60.59%,A+,B+,B,A,1.85,79131700000,17.92,3.76,13.12,12.39,10.42%,7.14%,9.23%,8.53%,6.24%,6.59%,16.30%,29.17%,48.35%,5.00%,73.84%
AEE,3.08,3.00,4.00,D+,C+,B-,C+,B-,5/6/2026,1.17984,2247444100,2/11/2026,0.78,0.01111,1782000000,68986000,2.59%,56.46%,A-,D+,B,A-,-,30741705000,20.70,3.55,13.65,2.29,10.68%,3.40%,7.77%,21.04%,8.57%,15.65%,-17.53%,43.91%,49.24%,3.00%,11.34%
AEP,4.23,3.33,4.00,D+,C-,B+,A-,B+,5/5/2026,1.5582,5721062230,2/12/2026,1.19,0.04132,5314000000,193821410,2.79%,62.75%,A,C,B,A-,-,73074410000,21.16,3.29,13.78,2.34,15.77%,3.66%,6.95%,19.35%,8.08%,10.93%,-23.50%,40.94%,47.52%,3.13%,12.49%
AIG,3.16,3.50,3.63,C+,C,A,C-,C,4/30/2026,1.87772,7011069000,2/10/2026,1.96,0.05819,6550000000,-438858000,2.40%,24.51%,C-,C-,C+,A-,-,40189890000,9.65,1.60,6.19,0.98,-32.85%,-3.62%,21.28%,62.25%,4.74%,-1.54%,42.31%,29.76%,34.11%,1.92%,7.40%
AMRZ,-,4.00,4.00,-,-,-,-,-,4/29/2026,-0.13555,2135873980,2/17/2026,0.62,-0.00076,2839000000,-81906320,0.76%,-,-,-,-,-,2.43,31451324000,20.67,2.66,12.54,2.37,2.26%,3.28%,-,-6.96%,3.91%,0.95%,13.39%,24.23%,25.68%,4.89%,10.20%
AMZN,3.44,4.09,4.64,D-,A-,A+,A-,C+,4/29/2026,1.64648,1.77145E+11,2/5/2026,1.95,0.00421,2.13386E+11,2152718460,-,-,-,-,-,-,5.06,2.83901E+12,34.07,3.92,19.86,6.89,NM,11.73%,19.94%,29.66%,12.29%,12.38%,3.32%,20.33%,50.29%,9.49%,22.29%
AOS,2.09,4.00,3.50,C+,D-,A-,C-,D+,4/30/2026,0.94292,976028520,1/29/2026,0.9,0.05845,912500000,-15689680,2.17%,35.75%,A,B,A+,B+,8.41,8899879000,16.19,2.37,10.96,4.80,32.33%,0.67%,5.05%,6.06%,2.43%,0.32%,11.13%,21.23%,38.83%,17.38%,29.20%
APO,2.85,4.33,4.20,D-,C,A,D,D+,5/6/2026,1.89716,1216783330,2/9/2026,2.47,0.4334,1244000000,45800000,1.64%,24.34%,C,D,D-,B+,-,71638260000,14.03,2.30,-,3.28,NM,43.12%,12.64%,-24.44%,18.74%,22.81%,-,-,37.34%,0.76%,14.70%
ARW,4.88,3.00,3.00,A-,B-,C-,A-,A,5/7/2026,2.8525,8333606100,2/5/2026,4.39,0.825,8746430000,587792320,-,-,-,-,-,-,1.92,9553743000,13.53,0.31,12.00,1.45,-26.30%,-5.98%,14.89%,49.93%,9.39%,10.49%,-0.27%,3.42%,11.20%,1.96%,9.12%
ASO,2.88,4.00,3.88,C,C,C+,B+,C,6/9/2026,0.9538,1438974500,3/17/2026,1.97,-0.08303,1718471000,-36046670,0.94%,9.29%,D,D,B,A,2.80,3682090000,9.05,0.63,8.46,1.71,-15.66%,-1.81%,4.83%,-3.32%,3.86%,2.02%,0.95%,10.24%,34.78%,7.14%,18.05%
ATO,3.24,4.00,3.21,D-,B-,D,B-,A-,5/6/2026,3.4028,1991202390,2/3/2026,2.44,0.00168,1342585000,46285290,2.02%,46.88%,A+,D-,B+,A,-,30680652000,22.35,6.11,16.70,2.15,16.18%,1.38%,9.06%,9.81%,13.04%,16.42%,-38.44%,49.12%,57.82%,4.19%,9.24%
AXP,3.33,3.42,3.65,F,B-,A+,D+,B,7/24/2026,4.3948,19603121530,4/23/2026,4.28,0.28665,18907000000,298198480,1.09%,21.27%,A-,D-,B-,A+,-,2.14305E+11,17.84,3.15,-,6.30,15.77%,9.69%,12.79%,11.85%,9.36%,10.90%,-,-,62.76%,3.63%,34.42%
B,4.51,4.11,4.08,B,B+,A+,B,B,5/11/2026,0.76399,4794509670,2/5/2026,1.04,0.16452,5997000000,833432120,2.06%,20.49%,B,B+,A-,C+,2.60,68830480000,11.03,4.14,7.75,2.59,126.10%,15.47%,51.78%,139.76%,23.17%,31.22%,23.91%,58.41%,51.26%,9.68%,20.68%
BAC,4.91,3.77,4.52,D,B+,A+,C,B+,7/14/2026,1.0998,29986712500,4/15/2026,1.11,0.09058,30272000000,332954300,2.11%,27.23%,A-,D,D+,B-,-,3.71112E+11,11.66,3.52,-,1.35,3.50%,5.05%,16.19%,20.25%,7.55%,12.45%,-,-,-,0.91%,10.64%
BAH,3.14,3.50,3.00,B-,C-,A-,D,A-,5/22/2026,1.33078,2866671150,1/23/2026,1.77,0.47881,2620000000,-128842840,2.84%,34.65%,B,A-,A,A-,4.39,9495602000,12.97,0.85,10.10,9.28,24.85%,7.97%,4.53%,0.49%,2.81%,-3.12%,7.09%,11.07%,22.37%,11.90%,75.08%
BALL,3.63,3.00,4.33,C,B+,B+,C+,B-,5/5/2026,0.84449,3343316760,2/3/2026,0.91,0.01351,3347000000,233718450,1.30%,22.28%,C+,C,C-,B+,2.44,16320506000,15.48,1.28,11.17,3.00,8.25%,-0.53%,12.34%,140.88%,6.95%,11.58%,6.71%,15.29%,19.59%,4.67%,16.12%
BBY,2.94,3.20,3.45,A-,C-,B+,D+,D+,5/28/2026,1.22949,8832906880,3/3/2026,2.61,0.14382,13814000000,-62998940,6.30%,59.01%,A,A,B+,B+,4.35,12640855000,9.32,0.31,5.72,4.26,-9.01%,-3.43%,3.29%,17.76%,0.68%,0.39%,2.02%,6.24%,22.48%,7.29%,37.04%
BIIB,3.24,3.33,3.97,B,D,A,B+,B,4/29/2026,2.95931,2247992460,2/6/2026,1.99,0.37454,2279400000,75576540,-,-,-,-,-,-,2.97,27059337000,11.84,2.73,8.18,1.48,-24.85%,-0.94%,-1.09%,-21.38%,-0.95%,2.22%,20.04%,36.44%,78.95%,4.39%,7.39%
BJ,1.98,3.00,3.86,C-,D+,B-,C+,C-,5/21/2026,1.04564,5370429310,3/5/2026,0.96,0.03026,5575388000,28065400,-,-,-,-,-,-,4.86,12229799000,20.82,0.58,13.45,5.56,4.07%,3.57%,6.60%,9.50%,5.62%,4.66%,0.92%,5.17%,18.64%,7.70%,28.60%
BK,3.44,3.50,3.87,D-,B+,A-,A,A,7/15/2026,2.1635,5343698950,4/16/2026,2.25,0.31935,5409000000,215696210,1.54%,25.18%,A-,D-,B-,A,-,92009100000,15.24,4.56,-,2.33,28.92%,7.11%,16.83%,31.41%,6.16%,9.68%,-,-,-,1.06%,13.47%
BMRN,3.50,4.00,4.39,B+,A-,A-,C,C-,5/4/2026,0.96062,752312250,2/23/2026,0.46,-0.10056,874565000,39534370,-,-,-,-,-,-,5.76,10227756000,9.93,3.17,12.88,1.68,35.08%,15.40%,38.36%,-18.24%,16.31%,12.87%,12.50%,22.44%,52.81%,4.59%,5.94%
BMY,4.80,3.87,3.48,B+,C+,A+,B+,A-,4/30/2026,1.42158,10917304260,2/5/2026,1.26,0.05507,12502000000,219775430,4.26%,40.49%,A,A,A-,B,2.29,1.1987E+11,9.38,2.48,8.16,6.47,3.69%,1.45%,74.70%,NM,-1.60%,-0.22%,23.13%,39.66%,72.62%,7.83%,40.44%
BOOT,2.86,3.00,4.75,D+,B+,C+,B-,B,5/13/2026,1.4313,533313360,2/4/2026,2.57,-0.2007,705643000,801880,-,-,-,-,-,-,4.82,5131622400,22.99,2.38,15.43,4.00,9.05%,10.32%,21.10%,27.46%,15.39%,17.50%,0.29%,16.84%,38.32%,9.13%,18.45%
BRK.B,3.32,3.91,4.25,C+,D+,A+,D+,D-,-,5.04888,-,2/28/2026,4.7281,-0.43836,-,-,-,-,-,-,-,-,3.09,1.01266E+12,22.82,2.73,7.03,1.41,NM,7.14%,-0.37%,-24.78%,2.92%,0.00%,9.91%,29.77%,26.15%,5.48%,9.81%
BUD,4.36,3.50,4.45,D+,B-,A+,B+,B+,5/5/2026,0.91333,14687466600,2/12/2026,0.95,0.07375,15555000000,98832180,1.79%,36.20%,C,D,C,D-,1.38,1.42089E+11,16.92,2.44,11.01,1.63,4.63%,0.88%,11.02%,18.53%,3.19%,-0.75%,17.74%,32.74%,55.93%,3.12%,9.09%
C,3.43,3.50,4.39,C,A,F,A+,A-,7/14/2026,2.56617,23160207950,4/14/2026,3.0614,0.46511,24633000000,1165840930,1.84%,27.42%,C,D+,C,B-,-,2.18283E+11,11.87,2.92,-,1.14,1.90%,3.33%,28.04%,27.08%,5.81%,9.99%,-,-,-,0.58%,7.65%
CAKE,3.05,3.00,3.30,D,C-,C+,B,B+,4/29/2026,1.01442,964580580,2/18/2026,1,0.01444,961558000,12671900,1.80%,28.65%,F,C-,C-,A-,2.44,3073409300,15.24,0.77,14.97,7.02,50.99%,4.34%,8.88%,-4.38%,5.09%,4.75%,3.17%,8.88%,40.39%,4.55%,33.74%
CARR,2.77,3.33,4.03,D,B+,B,C,F,4/30/2026,0.50669,5004453850,2/5/2026,0.34,-0.01616,4837000000,-179495650,1.50%,35.47%,D+,C+,C+,B+,2.71,50936370000,21.99,2.39,18.38,3.69,-25.12%,7.95%,7.42%,38.52%,0.87%,-3.29%,4.65%,15.53%,26.05%,3.99%,10.92%
CB,3.43,3.50,3.60,D,D,A+,B+,B,-,6.68405,12983285710,4/21/2026,6.82,0.21407,11716000000,158428570,1.19%,13.87%,A+,D,A,B+,-,1.26694E+11,12.10,2.11,8.95,1.74,29.65%,11.47%,9.03%,36.30%,5.29%,8.30%,20.36%,23.82%,31.06%,4.10%,15.43%
CCEP,2.98,3.00,4.18,D,C+,A-,B,C+,4/30/2026,-,5708945403,2/17/2026,-,-,6182012087,14404120.58,2.38%,-,A-,C-,B,C,2.36,43523613000,18.78,1.82,13.81,4.77,8.80%,6.46%,11.29%,38.27%,6.76%,2.27%,8.36%,16.39%,35.58%,6.50%,22.89%
CCK,2.77,4.00,4.14,C+,D-,A-,C-,C-,4/27/2026,1.7503,3034581450,2/4/2026,1.74,0.03806,3127000000,134048750,1.12%,13.33%,D+,C+,A-,A,2.24,11224494000,12.54,0.94,8.22,3.78,0.50%,-1.51%,11.37%,79.72%,3.58%,4.78%,7.36%,16.84%,22.03%,5.17%,26.33%
CFG,4.60,3.40,4.55,B-,A,B-,A,B,7/16/2026,1.23478,2246645330,4/16/2026,1.13,0.04067,2168000000,8894000,2.76%,41.61%,D+,C,D+,C,-,27176045000,12.30,3.48,-,1.13,-3.00%,0.19%,28.25%,33.89%,8.23%,10.81%,-,-,-,0.87%,7.74%
CHD,3.06,2.50,3.71,F,D,A-,B,B+,5/1/2026,0.92925,1456287030,1/30/2026,0.86,0.02519,1644200000,4765650,1.25%,33.52%,A+,D-,A-,A-,5.07,22507872000,25.37,3.72,17.71,5.62,21.20%,4.89%,5.12%,27.43%,1.49%,1.57%,18.31%,22.29%,45.13%,8.27%,17.62%
CHKP,2.73,3.33,3.77,B-,B,A,D,C-,4/30/2026,2.40354,672673920,2/12/2026,3.4,0.63391,744900000,-1517280,-,-,-,-,-,-,6.44,14220618000,12.91,5.30,13.33,4.93,9.87%,5.37%,7.95%,28.95%,6.17%,6.25%,23.93%,32.71%,87.92%,13.54%,37.27%
CI,3.25,3.66,4.58,A-,D,A+,C,B-,4/30/2026,7.60633,66201664310,2/5/2026,8.08,0.19719,72472000000,3393263390,2.21%,20.23%,A-,A,A-,A+,2.73,72675450000,9.09,0.27,7.93,1.74,-3.86%,15.05%,6.93%,83.00%,6.37%,11.24%,3.55%,4.38%,9.30%,3.77%,15.13%
CL,3.02,3.66,4.00,D-,D,A+,B-,C+,5/1/2026,0.94452,5215464710,1/30/2026,0.95,0.03819,5230000000,108838750,2.47%,55.83%,A+,D+,A,B-,6.92,67914860000,22.09,3.36,15.49,"1,256.03",6.10%,4.29%,4.21%,-25.07%,3.04%,1.40%,15.09%,23.88%,60.11%,13.06%,497.47%
CLX,2.87,3.60,2.89,B,D-,A-,D+,B-,4/30/2026,1.53759,1667868360,2/3/2026,1.39,-0.04353,1673000000,35886370,5.03%,75.30%,A+,B+,A,A,3.42,11931582000,16.85,1.79,12.28,NM,20.18%,-1.47%,2.78%,67.08%,2.22%,-5.68%,14.86%,18.17%,44.16%,13.45%,987.18%
CMC,2.85,3.00,4.09,B-,B,B-,C+,C-,6/18/2026,1.82079,2449884830,3/26/2026,1.16,-0.13576,2132018000,57410210,1.07%,14.09%,A-,C-,C+,A-,2.81,7671189000,10.71,0.92,10.18,1.74,-21.46%,-2.93%,18.21%,605.39%,7.44%,8.38%,1.72%,12.62%,17.74%,5.28%,12.00%
CME,3.42,3.66,3.31,F,A,A,C,A+,-,2.97937,1725403440,4/22/2026,3.36,-0.00851,1880100000,-21478570,1.77%,42.91%,A-,C-,C+,A-,0.50,1.03294E+11,23.30,15.20,21.81,3.87,14.25%,9.73%,7.85%,17.91%,6.19%,7.48%,44.94%,71.07%,100.00%,2.11%,15.92%
CMS,4.16,4.00,3.82,C-,C,C,C-,A-,4/28/2026,1.09834,2509489050,2/5/2026,0.95,0.01392,2233000000,289674060,2.88%,60.11%,A-,C,B-,A-,-,23490904000,19.67,2.68,14.14,2.62,8.56%,-0.22%,7.70%,6.01%,6.53%,13.63%,-20.40%,35.36%,41.53%,2.68%,10.86%
CNI,3.01,3.66,3.78,C,D,A+,B,D+,4/29/2026,1.318809785,3214346754,1/30/2026,1.527580914,0.070309726,3278423654,-5503884.47,2.27%,46.66%,A+,B,A-,B,2.53,70039690000,19.96,5.67,12.97,4.48,-2.66%,0.38%,9.34%,7.99%,5.06%,1.51%,13.77%,52.36%,56.67%,8.06%,22.15%
CNM,2.70,3.50,4.00,C+,D,B-,D+,C,-,0.56647,1893966910,3/24/2026,0.368,0.03859,1581000000,-8038600,-,-,-,-,-,-,3.65,9635175000,19.83,1.23,12.71,4.68,6.41%,4.76%,12.83%,8.45%,3.33%,2.77%,6.07%,11.95%,26.93%,7.25%,24.01%
COP,4.76,3.80,4.14,C-,C,A+,C+,C+,4/30/2026,1.67018,16128941000,2/5/2026,1.02,-0.07053,14185000000,1106669560,2.66%,51.79%,A-,C-,C-,A-,2.89,1.48408E+11,15.05,2.53,6.86,2.31,-24.66%,-9.22%,2.32%,-18.69%,4.38%,6.78%,12.42%,40.08%,46.18%,6.55%,12.36%
CP,2.97,3.00,4.31,D-,B-,A,B,F,4/29/2026,0.780080321,2741792662,1/28/2026,0.98097788,-0.010524955,2893515957,-4594844.369,0.76%,19.02%,B-,D,B-,B-,2.19,77951615000,23.18,7.25,16.20,2.33,5.60%,19.60%,13.40%,13.32%,7.13%,3.66%,13.27%,53.82%,53.82%,4.82%,8.64%
CPAY,3.07,5.00,4.28,D,C+,A-,C-,B-,5/7/2026,5.45933,1212406420,2/4/2026,6.04,0.09954,1248226000,13859780,-,-,-,-,-,-,1.58,20693360000,12.02,4.85,11.88,5.51,3.88%,9.73%,20.28%,7.59%,12.91%,13.93%,41.71%,53.73%,79.68%,4.05%,29.07%
CRH,2.91,3.50,4.66,D+,D+,A,C,C-,4/30/2026,-0.22529,7066350820,2/18/2026,1.506,-0.02751,9416000000,-52408290,1.27%,26.55%,B+,C,B,A-,2.97,78847650000,19.91,2.12,12.79,3.29,-0.95%,4.60%,9.54%,9.76%,5.43%,5.27%,4.90%,20.03%,36.13%,6.43%,15.68%
CROX,3.39,4.00,3.46,C+,D-,B,A-,A,4/30/2026,2.77419,900852070,2/12/2026,2.29,0.37642,957640000,40544750,-,-,-,-,-,-,3.99,5139901400,7.68,1.37,6.84,3.97,NM,4.36%,2.51%,NM,0.30%,-1.50%,10.99%,23.96%,58.33%,-1.94%,-5.19%
CRUS,3.43,3.00,4.14,C+,D-,A,B+,A+,5/6/2026,1.75929,442095670,2/3/2026,2.97,0.534,580624000,46102020,-,-,-,-,-,-,11.72,8883957000,19.22,4.56,15.62,4.22,7.31%,-0.69%,11.29%,37.60%,4.61%,7.04%,23.88%,25.75%,52.87%,16.44%,19.87%
CSCO,3.44,3.55,4.15,D,D-,A+,B+,B,5/13/2026,1.03616,15560157840,2/11/2026,1.04,0.01786,15349000000,225618050,1.85%,41.10%,B,B,A,B+,2.95,3.5158E+11,21.40,5.97,22.56,7.37,-0.67%,3.57%,6.55%,22.12%,6.50%,9.00%,17.15%,27.59%,64.81%,8.98%,23.75%
CTSH,2.96,4.00,3.85,A-,D-,A-,D+,C+,4/29/2026,1.33351,5412310670,2/4/2026,1.35,0.02673,5333000000,22010090,2.29%,23.86%,C-,A-,B,A-,6.77,26114853000,9.75,1.27,6.62,1.76,-0.88%,2.80%,8.89%,1.11%,6.03%,6.95%,9.13%,18.16%,33.72%,10.78%,15.16%
CVX,4.94,3.85,4.16,C-,C+,A+,C-,B,5/1/2026,0.96868,52698136170,1/30/2026,1.52,0.07519,46873000000,213931930,3.73%,93.44%,A+,C+,C-,B-,2.94,3.6892E+11,15.26,1.85,11.03,1.97,-29.74%,-7.84%,5.29%,-31.79%,1.13%,-5.58%,7.15%,20.38%,41.90%,3.80%,7.23%
D,3.07,4.00,3.19,B,D-,D+,C-,D+,5/1/2026,0.91154,4424168630,2/23/2026,0.68,0.0094,4093000000,371135060,4.27%,78.07%,C+,B+,B-,A-,-,55005610000,17.43,3.24,13.59,1.96,36.03%,5.80%,11.22%,66.03%,8.83%,14.16%,-54.56%,49.14%,49.02%,2.59%,9.74%
DAVE,4.43,4.33,4.66,D+,A+,A-,A+,B,5/5/2026,2.69857,152450000,3/2/2026,3.69,1.25167,163700000,1420000,-,-,-,-,-,-,13.57,3518038300,18.71,6.62,18.10,10.55,NM,39.34%,49.45%,222.91%,33.46%,59.67%,4.61%,34.62%,70.22%,40.18%,73.11%
DECK,3.40,3.75,3.60,D+,D,A,B+,A+,5/21/2026,0.8281,1084592310,1/29/2026,3.33,0.56461,1957549000,88511680,-,-,-,-,-,-,10.89,15405830000,15.76,2.99,10.05,5.92,28.17%,14.59%,14.73%,14.09%,10.73%,9.16%,14.12%,25.30%,57.54%,25.35%,39.69%
DELL,4.96,4.15,4.11,C,B+,A+,A-,A+,5/28/2026,2.9412,35591958750,2/26/2026,3.89,0.37721,33379000000,1747418370,1.02%,20.29%,D,B-,C,C+,1.86,1.40499E+11,16.69,1.28,14.07,NM,34.46%,3.54%,21.88%,36.05%,16.95%,18.80%,5.82%,10.09%,20.12%,5.86%,NM
DEO,2.79,3.25,3.75,C-,F,A-,D+,B,5/7/2026,-,4321000000,2/25/2026,-,-,5585000000,-74000000,4.19%,-,C+,C,B,C-,2.19,44203635000,12.24,2.23,11.08,3.81,-17.22%,-0.58%,-3.52%,-32.85%,-1.39%,-2.00%,4.84%,31.23%,60.00%,4.80%,19.72%
DHI,3.14,4.00,3.40,D,D,A,B,B+,7/21/2026,2.97983,9179179820,4/21/2026,2.24,0.11815,7558100000,-44791570,1.06%,15.93%,B-,D,A,A,5.87,45344380000,14.93,1.41,11.86,1.93,-15.08%,-0.31%,-5.38%,-19.08%,-0.90%,-5.57%,8.62%,12.80%,21.60%,8.92%,13.08%
DIS,4.25,4.00,4.45,D,C+,A+,C,B+,5/6/2026,1.49243,24831773580,2/2/2026,1.63,0.0542,25981000000,381858310,1.22%,25.86%,F,D,B+,B+,2.39,1.81758E+11,15.46,1.93,11.82,1.68,54.53%,4.28%,13.85%,120.97%,4.84%,3.47%,3.32%,20.17%,37.28%,6.06%,12.02%
DOCN,3.39,3.80,4.21,D-,F,B+,A+,F,5/5/2026,0.25998,249605990,2/24/2026,0.44,0.0591,242390000,4660360,-,-,-,-,-,-,1.67,9896522000,97.22,9.66,39.90,NM,NM,16.08%,-4.31%,182.60%,22.37%,15.48%,12.47%,31.54%,59.86%,14.11%,NM
DOV,3.16,-,4.14,D-,D+,B+,B+,B,-,2.72181,2205085420,4/23/2026,2.28,0.00962,2053623000,50297720,0.92%,21.07%,A+,D+,A-,B,5.21,30269192000,21.14,3.70,17.11,4.04,1.04%,-1.01%,11.77%,6.72%,5.26%,7.14%,10.15%,22.53%,40.04%,8.16%,15.00%
DRI,4.29,3.25,4.12,D+,C-,A-,B-,A-,6/18/2026,3.63306,3728965690,3/19/2026,2.95,0.00865,3345300000,14728810,2.98%,59.12%,B+,C+,A-,A,2.49,23028408000,18.93,1.83,15.41,10.96,5.24%,7.34%,8.59%,6.81%,6.36%,8.51%,5.31%,15.74%,21.51%,8.58%,51.54%
DTE,2.96,4.00,4.11,C,C,B,C,D,4/30/2026,2.00622,4444632410,2/17/2026,1.65,0.12629,4428000000,1039121960,3.07%,60.26%,A,C+,B,B+,-,30555170000,19.03,1.92,15.66,2.48,10.52%,-6.31%,6.93%,3.87%,9.39%,26.95%,-11.04%,22.87%,30.31%,2.70%,12.18%
DUK,3.21,3.60,3.78,C+,D-,A+,C-,C+,5/5/2026,1.79162,8489154390,2/10/2026,1.5,0.00733,7938000000,350512730,3.33%,66.77%,B+,B-,B,B+,-,99043640000,19.00,3.11,11.80,1.95,24.90%,3.93%,6.66%,10.76%,4.60%,6.20%,-6.30%,51.21%,51.90%,2.54%,9.72%
DVA,4.76,3.00,3.12,A-,B+,A,B+,A,5/5/2026,2.32989,3356414450,2/2/2026,3.4,0.20777,3619787000,113680130,-,-,-,-,-,-,1.59,10013648000,10.75,0.83,8.72,NM,10.04%,5.53%,19.21%,-11.37%,4.17%,6.46%,7.72%,20.17%,32.26%,4.27%,64.85%
EAT,4.02,3.33,4.43,C,B+,A,C,A-,4/29/2026,2.86272,1473857440,1/28/2026,2.87,0.24273,1452200000,39210980,-,-,-,-,-,-,4.48,6039124000,12.97,1.08,9.62,15.90,82.67%,12.68%,44.44%,72.80%,11.59%,17.88%,5.33%,14.24%,18.69%,16.52%,177.80%
ECG,4.37,3.66,4.00,D+,C+,B-,A+,B+,5/5/2026,0.84,914500000,2/24/2026,1.08,0.312,1011472000,131903400,-,-,-,-,-,-,5.33,6944721000,32.84,1.85,24.41,11.02,17.37%,11.55%,17.90%,40.57%,17.64%,31.47%,1.09%,7.84%,12.12%,11.67%,38.34%
EHC,3.71,4.00,4.91,C-,C-,A-,C+,A-,4/30/2026,1.49407,1567663460,2/5/2026,1.46,0.15807,1544600000,5034370,0.73%,13.19%,C-,C-,A,A,3.37,10138460000,17.23,1.73,9.86,4.18,27.84%,10.92%,13.52%,23.71%,8.91%,10.46%,5.00%,23.27%,43.22%,7.99%,24.82%
ELV,3.24,3.66,4.04,B,D-,A+,C+,B,7/15/2026,6.19634,48576429830,4/22/2026,12.58,1.76874,49494000000,1586561250,1.99%,22.25%,B,B+,B,A-,-,74868900000,12.87,0.38,11.38,1.71,-4.89%,7.65%,-4.05%,-8.15%,4.26%,9.44%,2.14%,4.26%,25.89%,4.17%,12.09%
EOG,3.39,3.33,3.78,C,D+,A+,C,B-,5/6/2026,3.20842,5991020770,2/24/2026,2.27,0.07418,5638000000,137039380,3.03%,39.23%,B+,C+,B+,A-,3.48,71319850000,8.84,3.19,6.57,2.40,-13.74%,-8.54%,6.95%,-18.93%,2.86%,-3.51%,10.27%,51.75%,62.02%,9.61%,16.83%
EPAM,3.13,4.00,4.21,A-,D-,B+,D,B+,5/7/2026,2.75461,1394348270,2/19/2026,3.26,0.10191,1407548000,16280140,-,-,-,-,-,-,7.55,6277009400,9.32,1.22,7.25,1.76,-3.43%,4.19%,8.62%,-14.29%,9.46%,15.42%,13.29%,12.96%,28.88%,7.70%,10.33%
EQR,2.72,3.00,3.60,D+,C+,B,C-,C-,4/28/2026,0.29322,783839940,2/5/2026,0.2848,0.61596,781911000,-5359520,4.47%,68.89%,A-,C-,C-,C+,-,23905298000,47.10,7.64,17.07,2.13,12.97%,4.19%,-17.81%,8.04%,3.38%,3.82%,45.78%,60.83%,62.88%,5.40%,10.02%
EQT,3.31,4.66,4.40,D+,B-,A+,D,B-,7/21/2026,0.56604,1926353090,4/21/2026,2.33,0.23512,3378736000,206138040,1.09%,15.36%,D,D+,B,B-,2.38,36846907000,12.20,3.89,6.02,1.47,-10.00%,-6.20%,42.99%,693.49%,22.50%,52.12%,26.73%,81.86%,80.97%,7.88%,13.40%
ETR,3.21,3.50,4.24,D-,B,B-,A,B-,4/29/2026,0.84106,2906983280,2/12/2026,0.51,-0.01334,2958944000,-35939450,2.18%,62.40%,A-,D-,B-,A-,-,52024240000,25.81,3.88,14.65,3.04,16.81%,-2.02%,10.66%,59.59%,8.06%,8.98%,-27.94%,43.09%,47.72%,2.45%,10.77%
EWBC,4.67,4.00,4.37,D,B+,B,A-,A+,7/21/2026,2.64944,790247970,4/21/2026,2.57,0.10284,773749000,22353040,2.12%,26.03%,B+,C-,B-,C+,-,16803181000,11.54,6.09,-,1.87,4.72%,6.37%,10.23%,19.45%,9.00%,15.68%,-,-,-,1.68%,16.45%
EXPE,3.31,3.75,3.81,D-,B-,A+,B+,A-,5/7/2026,1.39368,3353488230,2/12/2026,3.78,0.41131,3547000000,136486780,0.67%,10.01%,-,D,-,-,1.46,30810170000,12.94,2.14,14.27,23.99,54.33%,8.09%,23.85%,9.61%,7.64%,7.61%,19.91%,15.62%,90.12%,5.29%,48.67%
FANG,3.42,4.66,4.48,D+,D+,A,C+,B,5/4/2026,3.70832,3858514470,2/23/2026,1.74,-0.26358,3376000000,121568190,2.08%,33.67%,C-,C,D+,B+,1.23,54796710000,10.66,3.94,7.37,1.50,-27.61%,14.33%,1.16%,-63.11%,13.97%,35.36%,3.48%,71.40%,73.04%,2.34%,3.74%
FERG,2.95,3.50,4.25,D,C-,B+,B-,C,6/2/2026,2.20069,7443967120,12/9/2025,2.1,0.01145,7495000000,32474770,1.62%,-,C,C,A,A-,5.36,51240040000,23.71,1.68,18.99,8.78,-3.21%,1.62%,8.49%,18.63%,5.23%,4.92%,4.17%,9.69%,30.62%,11.00%,33.40%
FFIV,3.35,3.50,3.30,C,F,A,B-,A-,4/28/2026,3.45552,782278000,1/27/2026,4.45,0.79828,822465000,64402420,-,-,-,-,-,-,5.45,15779526000,18.98,5.57,16.80,4.87,32.86%,5.09%,7.89%,20.21%,6.28%,8.79%,21.68%,28.10%,81.39%,11.22%,20.84%
FITB,3.09,3.50,4.28,C,C+,B+,B,D,7/17/2026,0.98081,3257550680,4/17/2026,0.83,-0.00103,2834000000,-4470430,3.16%,41.98%,A,B-,D,B-,-,44983170000,12.07,3.90,-,1.41,-4.71%,3.84%,15.75%,-9.93%,17.56%,13.82%,-,-,-,0.73%,7.97%
FLEX,3.45,3.00,4.70,C+,D+,B,A-,A-,5/6/2026,0.87674,6965287980,2/4/2026,0.87,0.08296,7058000000,219754030,-,-,-,-,-,-,2.59,33609073000,28.14,1.28,17.98,6.56,1.37%,-3.35%,19.43%,-10.19%,3.39%,4.89%,3.48%,7.37%,9.27%,4.09%,16.85%
FLS,4.26,4.00,4.36,D,C-,B-,A-,B+,4/29/2026,0.80059,1167480700,2/5/2026,1.11,0.17214,1222191000,-40232580,1.02%,23.73%,C,C,D+,A-,3.82,10635134000,20.22,2.29,15.99,4.82,22.43%,9.37%,20.95%,23.36%,5.15%,3.76%,8.12%,15.47%,34.60%,6.07%,17.18%
FNF,2.84,4.00,4.40,A-,C-,A-,D+,D+,5/6/2026,1.09015,3612968790,2/19/2026,1.41,-0.08655,4051000000,392014140,3.79%,40.56%,-,A-,-,-,-,14188629000,8.92,0.98,8.74,1.91,-22.51%,7.72%,11.70%,-52.47%,6.94%,5.77%,14.12%,14.30%,53.51%,0.55%,7.76%
FRPT,2.63,2.50,4.38,D,D,C-,B,C-,5/6/2026,0.09407,291441680,2/23/2026,0.6171,0.25132,285229000,-491850,-,-,-,-,-,-,4.99,3245132300,48.76,2.93,18.85,2.68,NM,22.78%,29.55%,183.94%,10.42%,13.01%,-0.30%,16.67%,40.80%,7.83%,12.29%
FSLR,2.80,3.83,3.82,A-,B-,A,C,D,4/30/2026,2.82826,1044757650,2/24/2026,4.84,-0.39806,1682782000,114073690,-,-,-,-,-,-,5.03,20819659000,10.60,3.98,8.76,2.18,NM,25.84%,25.19%,18.22%,12.99%,24.09%,18.47%,40.73%,40.62%,11.47%,17.45%
FUTU,4.50,4.00,4.80,D+,B,B+,C,A+,5/22/2026,3.365664044,739480894.7,3/12/2026,3.114884375,0.065913195,822597547,15171242.73,1.63%,23.54%,-,-,-,-,-,22415696000,13.03,8.22,-,4.36,57.05%,42.28%,39.25%,106.38%,28.46%,76.14%,-,-,94.38%,4.96%,33.08%
GD,2.80,4.00,3.79,C,D+,A,C-,D+,4/29/2026,3.69159,12707403000,1/28/2026,4.17,0.05213,14379000000,617828230,1.94%,38.83%,A+,B,A,A,3.99,84704160000,19.21,1.60,14.53,3.30,7.49%,10.07%,9.66%,13.35%,6.29%,10.13%,6.39%,12.07%,15.13%,7.35%,17.66%
GEHC,3.30,3.50,4.15,D,A-,A,C,A,4/29/2026,1.04997,5027569110,2/4/2026,1.44,0.04187,5698000000,93475130,0.25%,3.06%,D-,D,B+,A-,1.95,31406450000,13.61,1.52,10.32,3.02,2.84%,3.99%,7.39%,4.84%,4.83%,4.84%,8.18%,17.66%,39.99%,5.65%,22.38%
GIL,2.12,-,4.28,D,A-,D-,B-,C-,4/30/2026,0.35189,1143788880,2/26/2026,0.96,0.00727,1078493000,-770190,1.58%,25.68%,C,C-,A-,B,1.73,10847042000,13.59,2.48,16.85,3.04,-9.69%,3.75%,21.42%,4.47%,25.50%,10.66%,-28.08%,24.93%,32.20%,3.81%,15.70%
GM,4.76,3.85,4.15,B,B+,A+,A-,A-,4/28/2026,2.61831,43677973830,1/27/2026,2.51,0.24156,45287000000,-739966190,0.81%,5.37%,D-,B-,B-,B-,1.26,70374290000,6.37,0.40,10.00,1.15,-35.25%,5.69%,9.35%,-48.67%,0.49%,-1.29%,4.63%,9.53%,10.72%,0.96%,4.32%
GMED,4.69,4.00,4.14,C,C-,A,A-,A,5/7/2026,0.91936,740341570,2/24/2026,1.28,0.12638,826420000,23130550,-,-,-,-,-,-,9.47,12870588000,21.22,4.36,14.09,2.80,41.42%,42.17%,17.69%,422.67%,10.43%,16.65%,11.14%,29.84%,68.07%,10.14%,12.29%
GPN,3.11,4.20,3.63,B,B-,B+,D,C+,5/6/2026,2.82915,2837925830,2/18/2026,3.18,0.0195,2320316000,-3282600,1.48%,8.18%,C+,C+,C+,B+,0.98,18650466000,4.93,2.12,9.71,0.70,132.44%,-4.96%,11.94%,-12.10%,12.88%,-0.39%,22.69%,44.63%,72.64%,2.62%,4.82%
HAE,3.69,-,3.90,B,C-,A,C+,A-,5/7/2026,1.2724,336864640,2/5/2026,1.31,0.05967,338967000,6244470,-,-,-,-,-,-,2.50,2785028000,12.12,2.18,9.99,3.08,22.36%,5.29%,10.14%,43.83%,2.05%,-4.02%,25.42%,27.68%,60.21%,7.04%,19.30%
HALO,2.85,4.50,3.88,C+,C+,A+,B-,C+,5/5/2026,1.52,358872600,2/17/2026,-0.24,-2.438,451767000,5627170,-,-,-,-,-,-,3.78,7743480300,8.08,5.61,10.89,157.71,16.17%,28.38%,32.60%,-25.36%,25.21%,37.55%,13.23%,64.29%,77.78%,12.55%,153.59%
HCA,3.29,3.50,4.04,C,D+,A+,B-,A-,-,7.44346,19326678350,4/24/2026,7.15,0.02066,19109000000,36016360,0.68%,10.15%,C-,C,A+,A-,2.62,96684640000,14.29,1.31,9.57,NM,5.82%,7.86%,14.78%,29.35%,5.29%,6.71%,7.33%,20.38%,41.61%,11.06%,NM
HD,3.21,2.50,4.11,D,D-,A+,C-,B-,5/19/2026,3.4118,41537562810,2/24/2026,2.72,0.1968,38198000000,95072390,2.75%,62.79%,A,C,A+,A,5.93,3.34556E+11,22.31,2.03,15.96,26.11,-6.11%,1.52%,3.02%,-4.56%,3.76%,3.24%,5.24%,15.19%,33.32%,13.47%,145.54%
HIG,3.21,4.00,3.73,C-,D,A,C+,C+,-,3.32784,7390172990,4/23/2026,3.09,-0.29943,7226000000,-114565900,1.67%,15.62%,A-,C-,A-,A,-,36856890000,10.20,1.31,7.50,1.99,28.58%,7.95%,11.93%,41.87%,5.23%,6.85%,19.46%,19.18%,38.17%,4.71%,22.74%
HON,3.10,3.33,3.96,D+,D,A,C,B,-,2.42072,9563311190,4/23/2026,2.45,0.12892,9143000000,-143066900,2.12%,43.73%,-,B-,-,-,3.32,1.35076E+11,20.25,3.60,18.94,9.94,-7.76%,1.56%,5.08%,-14.73%,2.81%,9.04%,7.80%,22.64%,36.93%,5.54%,24.26%
HSIC,3.20,4.00,3.62,B,D-,B+,B,B+,5/5/2026,1.21724,3342266340,2/24/2026,1.34,0.04511,3437000000,91067790,-,-,-,-,-,-,2.74,8897564000,14.59,0.71,13.42,2.77,-9.56%,1.40%,7.47%,7.21%,3.92%,4.03%,2.91%,7.76%,31.14%,3.55%,8.70%
HSY,4.57,2.75,3.32,D,B,A-,B,A,4/30/2026,2.04488,3029207740,2/5/2026,1.71,0.30572,3091021000,113998020,2.90%,86.85%,C+,D+,B,B+,4.13,38811263000,22.80,3.32,22.09,8.38,-18.72%,3.92%,1.75%,-60.26%,3.94%,4.38%,12.39%,16.89%,33.55%,6.43%,18.89%
HUM,2.85,3.25,3.38,A-,B,B+,D+,D,4/29/2026,10.20257,39385121990,2/11/2026,-3.96,0.02724,32515000000,501597550,1.64%,20.67%,C-,B-,D-,A+,-,25839321000,24.70,0.20,9.80,1.47,-24.91%,11.77%,-2.47%,-1.40%,13.50%,10.11%,1.02%,2.75%,14.54%,2.43%,7.04%
ICLR,1.38,-,3.93,A-,F,A-,D-,C-,4/30/2026,3.1921,1995929770,10/22/2025,3.31,0.03391,2042812000,61487890,-,-,-,-,-,-,2.17,7801694000,7.89,1.01,7.16,0.84,8.89%,1.87%,-1.48%,-16.84%,-0.61%,-2.46%,11.42%,18.79%,28.15%,3.63%,6.27%
ILMN,3.22,4.00,3.68,D+,D+,A,B,A-,4/30/2026,1.05477,1073385620,2/5/2026,1.35,0.11929,1159000000,47919620,-,-,-,-,-,-,3.73,19425855000,24.99,4.56,17.86,7.19,NM,-1.78%,33.46%,NM,3.09%,-0.66%,18.10%,26.23%,68.25%,12.79%,33.36%
INCY,3.20,4.14,3.65,A-,A+,A,B,D+,4/28/2026,1.33951,1216115260,2/10/2026,1.8,-0.11645,1506835000,153390770,-,-,-,-,-,-,7.08,18836722000,12.89,3.59,10.63,3.64,55.73%,14.84%,100.52%,4173.33%,13.36%,21.22%,11.86%,28.00%,52.89%,18.49%,29.87%
INSP,2.85,3.00,3.60,B-,D+,A-,D,A-,5/4/2026,-0.26072,200031820,2/11/2026,1.65,0.96833,269077000,2859430,-,-,-,-,-,-,19.87,1621576300,27.71,1.81,20.73,2.06,NM,30.77%,13.88%,179.43%,8.95%,13.60%,5.98%,7.12%,85.39%,16.03%,19.77%
IQV,2.59,4.00,4.65,B-,D,A,D+,D,5/5/2026,2.81711,4099996770,2/5/2026,3.42,0.02346,4364000000,124424240,-,-,-,-,-,-,1.89,27241350000,12.78,1.71,14.14,4.23,7.62%,4.21%,8.15%,4.67%,5.81%,5.87%,13.59%,18.01%,33.29%,4.54%,21.44%
ITRI,2.69,3.33,4.23,B+,D,B,C-,C,4/28/2026,1.23907,572143330,2/17/2026,2.46,0.27232,571657000,10132000,-,-,-,-,-,-,2.78,3924518700,14.81,1.70,11.60,2.32,NM,9.65%,6.16%,25.48%,1.84%,-3.02%,11.31%,15.33%,37.69%,8.09%,19.26%
JCI,3.42,4.00,3.86,D-,B,A-,A-,A-,5/6/2026,1.11543,6069894480,2/4/2026,0.89,0.04802,5797000000,154619380,1.11%,38.31%,C+,D+,B,A-,2.49,86864440000,29.86,3.78,23.23,6.58,38.84%,-2.05%,14.46%,39.61%,-0.83%,3.44%,11.54%,17.25%,36.47%,8.94%,12.64%
JLL,4.63,4.00,4.08,B,A-,C,B+,A-,4/30/2026,3.00661,5999123420,2/18/2026,8.71,1.34649,7608700000,167080800,-,-,-,-,-,-,3.06,15862034000,15.26,0.61,11.72,2.12,6.57%,7.77%,21.51%,45.13%,8.42%,11.45%,3.77%,5.88%,51.12%,4.45%,10.91%
JNJ,3.41,3.62,3.88,D+,D-,A+,B,B,7/14/2026,2.83882,24999683340,4/14/2026,2.7,0.02273,24062000000,447317720,2.29%,48.46%,-,B,-,-,4.38,5.47642E+11,19.65,5.68,16.91,6.74,18.25%,7.55%,8.40%,-3.89%,6.47%,7.87%,12.98%,35.62%,68.04%,10.47%,26.42%
JPM,3.36,3.70,3.84,D-,D+,F,C+,B,7/14/2026,5.38463,48562442110,4/14/2026,5.94,0.42902,49836000000,902538880,1.91%,28.64%,A,D,B,A,-,8.26036E+11,13.84,4.89,-,2.40,11.92%,10.36%,6.06%,2.39%,4.81%,2.87%,-,-,-,1.20%,16.46%
KEX,3.01,4.00,5.00,B-,C,B-,A,C-,4/30/2026,1.38465,832037670,1/29/2026,1.68,0.0526,851775000,-8944430,-,-,-,-,-,-,3.01,8075322400,21.91,2.49,11.80,2.40,42.59%,6.50%,14.19%,28.76%,4.14%,3.01%,8.74%,23.00%,34.11%,5.90%,10.55%
KMB,2.78,3.12,3.46,C+,D-,A,C-,C+,4/28/2026,1.92691,4093857830,1/27/2026,1.86,0.0482,4080000000,-11045000,5.17%,66.93%,A+,B+,A,B,3.76,32478937000,13.02,1.97,12.32,21.62,1.48%,-6.58%,1.30%,-24.18%,-4.40%,-2.13%,5.55%,19.45%,37.31%,11.82%,126.60%
KO,3.28,3.00,4.29,D-,A+,A,B+,B,4/28/2026,0.81164,12233435970,2/10/2026,0.58,0.01521,11817000000,-232260070,2.69%,68.00%,A+,D+,A,B-,4.65,3.29827E+11,23.76,6.88,22.64,10.25,11.16%,3.69%,6.24%,23.58%,2.17%,1.87%,-3.05%,33.54%,61.63%,12.50%,43.32%
LNG,3.31,3.80,4.56,D-,C,A,C-,B-,5/7/2026,3.97604,5845245250,2/26/2026,2.5941,6.82623,5450000000,-284982980,0.82%,8.68%,D+,D-,A,A+,2.25,54024098000,16.75,2.90,8.06,6.90,55.12%,-16.36%,4.07%,69.93%,14.87%,26.10%,13.59%,53.82%,53.22%,11.13%,58.73%
LNT,2.99,4.00,4.08,D,B-,D,C+,B-,4/30/2026,0.79488,1112830130,2/19/2026,0.6,0.01561,1064000000,170773920,2.85%,62.85%,A,C,B,B,-,18675972000,21.15,4.26,16.44,2.54,5.69%,1.23%,6.58%,16.73%,6.02%,9.57%,-31.39%,42.46%,45.67%,3.24%,11.30%
LNTH,2.79,4.00,4.53,C,F,A,B+,D,5/7/2026,1.23273,354825550,2/26/2026,1.67,0.50154,406786000,39754690,-,-,-,-,-,-,4.60,5479055400,16.25,3.69,15.02,5.00,102.64%,18.13%,-2.36%,-21.79%,2.45%,0.50%,17.23%,24.80%,61.10%,10.49%,21.45%
LOGI,3.18,3.33,3.40,C-,F,A,C+,B+,5/5/2026,1.099,1081574580,1/27/2026,1.93,0.1201,1421479000,14265170,1.67%,25.67%,B,B+,A+,B,8.25,13990196000,16.79,2.96,14.50,6.00,18.18%,-0.30%,10.67%,12.07%,4.57%,4.60%,14.31%,17.73%,43.06%,17.38%,32.07%
LULU,2.63,3.61,3.12,C+,D-,A,D-,C,6/4/2026,1.69034,2437486610,3/17/2026,5.01,0.22796,3640801000,63902980,-,-,-,-,-,-,8.16,16623084000,11.68,1.54,6.14,3.38,22.70%,11.03%,-3.28%,-9.43%,4.24%,4.86%,7.42%,24.38%,56.60%,18.67%,34.01%
MAS,3.23,3.50,3.63,C,D-,A-,B-,B+,-,1.31711,2086418090,4/22/2026,1.04,0.16324,1918000000,83954290,1.69%,30.27%,A,B,A+,C+,3.98,14964660000,17.40,2.00,12.53,NM,0.85%,-3.17%,4.62%,10.38%,0.80%,-0.31%,9.62%,18.86%,35.68%,15.99%,8457.14%
MCD,3.11,3.37,3.88,D-,D+,A+,C+,C+,5/7/2026,2.74696,6469664390,2/11/2026,3.12,0.06777,7009000000,171035590,2.43%,58.77%,A+,C-,A+,B-,4.92,2.12793E+11,22.67,7.94,18.28,NM,11.50%,5.06%,7.00%,4.92%,5.44%,3.72%,23.42%,54.28%,57.41%,14.39%,NM
MDLZ,2.87,3.60,4.14,D+,C+,A-,C,D,4/28/2026,0.61067,9765881670,2/3/2026,0.72,0.0233,10496000000,206859680,3.42%,66.44%,A-,C-,B-,B,2.34,73939935000,19.06,1.93,18.80,2.86,-3.38%,6.96%,-0.02%,-44.74%,3.83%,5.75%,9.31%,12.95%,28.38%,3.43%,9.33%
MDT,2.93,3.20,4.10,B-,D-,A+,C-,D,6/3/2026,1.55216,9622218530,2/17/2026,1.36,0.02488,9017000000,124754010,3.41%,50.54%,-,A-,-,-,2.98,1.06973E+11,15.04,3.01,13.42,2.18,4.31%,4.86%,5.23%,9.47%,5.70%,6.88%,11.48%,26.60%,65.16%,5.04%,9.39%
MET,3.29,3.50,4.11,B,D+,A+,C-,C,5/6/2026,2.25469,19403805570,2/4/2026,2.49,0.14756,24191000000,-7442500000,2.92%,25.42%,A-,B+,C-,B+,-,50664587000,7.93,0.67,15.85,1.79,-13.85%,3.88%,10.32%,-20.71%,4.38%,8.59%,-16.53%,7.73%,23.36%,0.45%,12.02%
META,3.40,3.73,4.64,F,B-,A+,B-,C+,4/29/2026,6.819,55555593850,1/28/2026,8.88,0.70295,59893000000,1423381090,0.31%,7.07%,F,F,A+,A+,8.79,1.71351E+12,22.30,8.47,16.85,7.86,37.61%,19.89%,12.99%,-1.55%,21.81%,22.17%,11.66%,50.70%,82.00%,16.52%,30.24%
MGA,4.87,3.00,3.40,B+,C-,B+,A,A+,5/1/2026,1.01371,10263591970,2/13/2026,2.18,0.37854,10848000000,308039600,3.10%,34.03%,A-,B+,C-,B,2.48,17387692000,9.40,0.42,5.66,1.41,11.88%,3.55%,11.79%,-16.72%,0.39%,-1.93%,3.13%,9.60%,14.26%,2.64%,7.13%
MHK,2.75,3.00,3.56,B+,D,B-,C,D-,4/30/2026,1.8128,2734433760,2/12/2026,2,0.02206,2699600000,17104670,-,-,-,-,-,-,2.83,6593435000,11.74,0.62,6.00,0.79,144.85%,-2.78%,2.95%,-26.70%,1.51%,-0.48%,6.13%,12.67%,25.19%,2.70%,4.65%
MMM,3.57,3.40,3.88,D+,B-,A,C-,B,7/17/2026,2.22497,6377053060,4/21/2026,2.14,0.15624,6003000000,1394580,2.03%,35.70%,C+,B,A,B-,4.39,76143610000,16.80,3.11,13.38,23.34,-20.05%,-7.34%,9.00%,-35.50%,3.11%,2.08%,9.28%,24.94%,39.71%,7.86%,71.46%
MOH,2.71,3.75,3.16,A-,F,B+,C+,D-,-,1.49257,10910307750,4/22/2026,2.35,0.43983,10796000000,-89965820,-,-,-,-,-,-,-,9164903000,34.09,0.21,12.26,2.24,-39.64%,10.99%,-26.91%,-82.60%,4.50%,6.97%,1.76%,1.48%,8.86%,1.15%,4.48%
MPC,4.82,3.33,3.88,C-,B,A,C+,B,5/5/2026,0.85911,30941751660,2/3/2026,4.07,1.35907,33422000000,2915811780,1.70%,35.37%,C,D+,C,A-,3.08,66008530000,9.98,0.51,10.92,3.82,-34.67%,-9.26%,28.67%,31.15%,-1.94%,-4.42%,1.93%,7.11%,10.31%,4.82%,24.19%
MPLX,3.19,4.44,3.86,B+,A,A,D,D+,5/5/2026,1.07946,3093079750,2/3/2026,1.0524,0.01855,3252000000,76877600,7.35%,86.47%,-,A-,-,-,-,56181408000,12.10,4.77,13.16,3.93,7.59%,2.00%,4.59%,14.67%,4.75%,6.35%,16.95%,51.73%,56.66%,11.42%,34.70%
MRK,3.27,3.77,4.17,B-,D,A+,B+,D+,4/30/2026,-1.47384,15846333410,2/3/2026,2.04,0.02952,16400000000,194165460,2.97%,36.12%,A,A-,A+,B+,3.50,2.76379E+11,21.90,4.31,10.73,5.26,7.93%,3.12%,8.29%,8.01%,2.95%,1.31%,18.28%,44.77%,77.21%,13.34%,36.88%
MRSH,3.12,3.75,3.52,D-,D,A-,D,B-,-,2.90929,7289051830,4/16/2026,3.29,0.06897,7597000000,198943250,2.12%,36.07%,A,D,A,A-,2.91,81953240000,16.37,3.02,13.50,5.63,6.89%,9.26%,8.74%,-1.89%,6.75%,9.87%,18.04%,27.74%,43.85%,6.70%,27.57%
MRVL,3.49,3.73,4.51,F,A-,A-,A,B+,5/28/2026,0.79549,2400842510,3/5/2026,0.8,0.00835,2218700000,9361010,0.15%,8.42%,C-,F,C+,A-,5.83,1.43682E+11,42.92,17.26,55.46,9.73,NM,11.45%,51.18%,NM,36.91%,42.09%,17.61%,32.09%,51.02%,11.98%,19.25%
MS,3.40,3.40,3.68,D-,B-,F,A-,B+,7/15/2026,2.75258,19053458530,4/15/2026,3.43,0.41093,20580000000,824824490,2.09%,36.23%,A-,D+,B-,A,-,2.97151E+11,15.91,4.03,-,2.92,20.54%,11.40%,16.89%,29.40%,9.49%,14.41%,-,-,87.39%,1.28%,15.61%
MTB,3.06,3.50,3.47,C,C+,B,B,C-,7/15/2026,4.64326,2466796710,4/15/2026,4.13,0.10673,2441000000,17326050,2.72%,32.75%,A-,C,C,C+,-,31575402000,11.50,3.56,-,1.24,7.92%,3.03%,12.53%,19.60%,3.64%,5.98%,-,-,-,1.36%,10.29%
MTN,2.62,3.50,3.66,B+,D-,B+,D+,D,6/4/2026,9.02552,1217448210,3/9/2026,5.87,-0.28422,1083932000,-26426490,7.46%,144.86%,C-,A,B+,A,1.53,4241045800,24.94,1.48,9.16,14.05,-11.56%,1.13%,4.94%,-7.13%,1.73%,-0.83%,8.88%,27.58%,44.19%,4.15%,34.56%
NBIX,2.83,3.66,4.55,B,A-,A,C+,D,5/5/2026,1.70542,771195630,2/11/2026,1.88,-0.41631,805500000,16195010,-,-,-,-,-,-,7.33,12842309000,13.63,4.44,17.75,3.93,45.77%,24.32%,45.52%,41.95%,24.10%,21.45%,13.91%,23.30%,62.67%,10.33%,16.38%
NEE,3.25,3.87,4.08,D-,C+,B-,A-,B-,-,1.0858,8605339620,4/23/2026,1.09,0.06129,6701000000,-410351900,2.44%,60.96%,A+,D,D,B,-,1.98691E+11,23.66,7.08,22.07,3.60,6.98%,3.99%,8.54%,47.45%,11.27%,10.28%,-66.22%,50.81%,61.40%,3.70%,10.32%
NRG,3.09,3.00,4.35,D-,A+,A-,C,B-,5/6/2026,1.975,9611576040,2/24/2026,1.04,0.14638,7753000000,1112851060,1.12%,21.81%,C+,F,B,A,-,34232177000,17.54,1.01,15.78,29.51,-10.89%,-0.88%,19.52%,-19.64%,8.85%,9.18%,3.55%,9.66%,19.38%,2.96%,41.55%
NSC,2.87,3.00,3.42,D,F,A,B,D+,-,3.14077,3207450480,4/24/2026,2.65,0.15648,2998000000,824050,1.69%,43.34%,-,C+,-,-,2.25,71804944000,26.41,5.89,15.77,4.54,-4.16%,-2.04%,4.34%,-18.99%,2.99%,0.60%,10.66%,45.85%,45.85%,5.92%,17.62%
NTAP,3.29,4.00,3.60,C,F,A,B-,B+,5/28/2026,2.26493,1867030930,2/26/2026,2.12,0.05742,1713000000,17578980,1.91%,27.19%,C-,B+,A,A,2.82,21451788000,13.63,3.23,12.09,18.59,-2.01%,1.26%,9.71%,10.50%,4.64%,3.09%,16.63%,26.10%,70.46%,12.16%,112.59%
NUE,4.61,3.50,4.33,C-,C-,B+,A-,A-,4/27/2026,2.81668,8863312060,1/26/2026,1.73,-0.07898,7687000000,-221858190,1.04%,28.41%,A+,D+,B+,A-,4.13,48801473000,16.51,1.52,13.18,2.34,-38.80%,-7.84%,16.39%,-11.11%,6.90%,5.73%,-2.78%,12.74%,12.03%,4.97%,9.36%
NXPI,3.24,3.50,4.28,D+,D+,A,B-,B,4/28/2026,2.97975,3154834190,2/2/2026,3.35,0.03891,3335000000,27101850,1.66%,34.31%,D,B,A-,A,2.98,61667160000,17.55,5.03,17.59,6.14,-10.16%,-2.42%,8.35%,-18.29%,5.68%,-2.74%,15.34%,33.03%,55.38%,7.61%,20.70%
NXT,4.47,3.33,4.25,D+,C,A-,A,A-,5/12/2026,0.92516,829820570,1/27/2026,1.1,0.16044,909352000,93494980,-,-,-,-,-,-,4.63,18026453000,27.72,4.96,22.38,8.38,81.15%,25.48%,16.11%,12.29%,16.25%,30.02%,12.60%,21.23%,32.43%,15.58%,33.17%
OKE,3.12,4.00,4.00,C+,D,B+,D+,D,4/28/2026,1.30939,8234490750,2/23/2026,1.55,0.05624,9065000000,318378300,4.75%,76.75%,B,B,B-,B,1.50,55127680000,15.42,1.63,12.02,2.45,25.37%,14.53%,5.93%,4.84%,18.66%,54.99%,2.16%,21.81%,30.50%,5.09%,15.49%
OMC,4.32,4.00,3.90,B-,C+,A-,C+,A-,4/28/2026,1.84242,5910891850,2/18/2026,2.59,-0.34642,5528800000,-1398333330,3.96%,33.80%,B+,B,B,B+,0.93,21585066000,6.99,0.90,9.66,1.97,NM,6.52%,15.57%,NM,17.03%,10.09%,26.08%,16.17%,18.57%,-0.10%,0.48%
OMF,3.08,4.00,4.06,A,C,B+,C-,D+,5/1/2026,1.85907,1265283900,2/5/2026,1.59,0.05074,1283000000,-2000000,7.03%,62.61%,C-,A,C-,B+,-,6963518500,8.05,2.37,-,2.05,-3.53%,2.05%,21.74%,54.72%,7.93%,19.06%,-,-,93.34%,2.86%,23.76%
PAYX,2.86,3.20,2.73,B+,C-,A+,D-,B,6/22/2026,1.30299,1603433190,3/25/2026,1.71,0.03855,1808900000,29012260,4.81%,80.30%,A,A,A-,B-,3.23,32181686000,16.34,5.10,12.18,8.02,2.87%,8.77%,7.73%,-5.84%,9.18%,16.44%,31.53%,45.92%,73.93%,9.35%,40.26%
PCTY,2.88,4.00,4.40,C+,D-,A-,D-,B+,5/7/2026,2.57142,489095110,2/5/2026,1.85,0.25358,416134000,7660460,-,-,-,-,-,-,1.64,5505659400,13.17,3.35,14.38,5.01,35.42%,18.82%,8.30%,9.38%,10.24%,12.08%,22.33%,22.67%,69.14%,3.42%,20.99%
PDD,3.16,4.00,4.31,B,C-,A+,D+,C-,5/19/2026,2.394025833,16003407759,3/25/2026,2.563359464,-0.486469318,17955426526,-155774479.3,-,-,-,-,-,-,5.67,1.39168E+11,8.16,2.22,5.84,2.32,46.60%,49.00%,7.33%,-11.79%,14.28%,9.65%,19.27%,22.08%,56.28%,15.77%,27.29%
PEP,4.64,3.38,3.43,D+,C-,A+,B,A-,-,2.2308,24010301650,4/16/2026,1.61,0.05812,19443000000,501075780,3.66%,68.72%,A+,C+,A,B,3.55,2.1245E+11,17.95,2.23,13.61,9.94,9.89%,2.73%,3.90%,-6.33%,3.57%,4.29%,9.16%,19.59%,54.38%,7.89%,43.88%
PG,3.18,3.18,3.95,D,D,A+,C+,C-,7/28/2026,1.46007,21416420970,4/24/2026,1.59,0.03481,21235000000,717791790,2.87%,60.91%,A+,D+,A+,A-,5.57,3.45052E+11,21.41,3.99,14.81,6.42,5.08%,2.31%,2.72%,8.62%,1.97%,3.32%,14.68%,28.88%,50.98%,12.94%,31.11%
PGR,3.27,4.00,3.37,B+,F,A+,D,B-,7/15/2026,3.74634,21225337500,4/15/2026,4.9631,0.07842,23641000000,437200000,6.92%,74.36%,C,A-,A+,A+,-,1.174E+11,12.33,1.32,8.30,3.66,138.18%,19.77%,4.66%,32.57%,8.69%,13.89%,13.50%,16.95%,18.56%,9.46%,37.90%
PNC,4.46,3.33,4.22,C-,C,A-,B,B-,7/15/2026,4.51033,6387625000,4/15/2026,4.32,0.1597,6165000000,-43200000,3.09%,38.51%,A,C,C,A-,-,88393730000,11.65,3.80,-,1.39,4.57%,2.96%,15.20%,21.63%,7.83%,9.68%,-,-,-,1.20%,12.10%
PNW,3.21,3.00,3.38,B,D,C+,B-,B+,5/4/2026,-0.0055,1084425700,2/25/2026,0.13,0.1073,1128167000,-42243100,3.53%,71.05%,A,B,C+,A-,-,12380924000,21.70,2.29,13.03,1.76,8.43%,7.28%,2.18%,-3.63%,5.06%,4.20%,-11.27%,38.38%,41.60%,2.05%,9.06%
POST,4.06,5.00,4.25,B,C,C,B-,A-,5/7/2026,1.74608,2067100000,2/5/2026,2.13,0.46163,2174600000,3000000,-,-,-,-,-,-,1.57,4956980000,14.03,0.68,8.54,1.44,-28.39%,11.19%,9.42%,-11.05%,1.87%,5.38%,3.06%,17.02%,28.51%,2.46%,8.67%
PPG,2.86,3.66,3.73,C+,D+,B+,C-,C-,4/28/2026,1.7655,3846232240,1/27/2026,1.51,-0.06895,3914000000,144488430,2.56%,36.68%,A+,B-,B,A-,3.71,24573092000,13.78,1.57,11.47,3.09,15.38%,0.55%,3.45%,20.98%,2.93%,0.19%,3.39%,16.71%,41.63%,7.13%,21.08%
PRU,3.13,4.00,2.83,A-,D-,A,D,F,5/5/2026,3.12779,14229457340,2/3/2026,3.3,-0.06452,14520000000,37853270,5.78%,37.42%,A-,A-,D+,A-,-,32768000000,6.94,0.54,11.54,1.01,NM,3.91%,5.39%,33.20%,-4.54%,-12.77%,20.61%,8.56%,29.60%,0.46%,11.36%
PSA,2.75,3.28,3.57,D,B-,A+,C+,D,4/27/2026,2.38787,1210768320,2/12/2026,2.606,0.11612,1215792000,4967600,3.89%,71.57%,C+,C-,B-,B,-,54262948000,31.05,11.19,20.13,11.05,-25.69%,4.06%,-0.93%,-15.32%,3.61%,2.51%,47.82%,70.48%,74.72%,8.83%,18.76%
PTC,2.59,3.00,4.15,C+,D-,A,D+,D+,5/6/2026,2.10382,712715380,2/4/2026,1.92,0.356,685825000,51492080,-,-,-,-,-,-,6.60,16322697000,17.86,5.74,14.27,4.24,33.75%,13.78%,17.91%,109.18%,7.39%,23.62%,27.51%,42.87%,84.23%,12.73%,23.14%
QLYS,2.61,3.66,3.33,B,D-,A+,D,C+,5/5/2026,1.79876,173577050,2/5/2026,1.87,0.08751,175282000,2103480,-,-,-,-,-,-,6.78,3008907500,11.43,4.56,10.00,5.37,22.46%,10.96%,9.20%,16.99%,8.37%,10.13%,38.73%,35.34%,82.85%,18.11%,38.20%
QRVO,3.29,3.66,3.23,B,D-,B+,B-,B+,5/5/2026,1.2116,801764700,1/27/2026,2.17,0.30572,992959000,3904990,-,-,-,-,-,-,3.12,8139558400,13.43,2.18,10.88,2.20,-9.12%,-3.04%,2.59%,1183.49%,-2.78%,-1.34%,15.16%,20.58%,44.68%,5.53%,9.62%
RCL,2.84,3.40,4.30,D,A+,A,C,C,4/30/2026,3.21688,4475189990,1/29/2026,2.8,0.00353,4259000000,-14754620,1.60%,22.38%,F,D-,A,A+,2.16,71296350000,15.36,4.02,13.97,7.16,NM,26.59%,19.25%,42.93%,8.62%,8.80%,-1.10%,37.01%,50.62%,10.25%,47.73%
RJF,2.40,4.00,3.64,D-,B-,B-,D+,C-,7/22/2026,2.92485,3873205600,4/22/2026,2.83,0.06777,3859000000,11976910,1.36%,18.94%,A,D-,B-,B,-,29855530000,12.88,2.07,-,2.42,8.61%,9.99%,10.03%,1.93%,9.00%,7.74%,-,-,93.01%,2.42%,17.12%
ROST,3.43,3.50,4.33,F,C-,A,A+,A+,5/21/2026,1.67421,5564091020,3/3/2026,2,0.09765,6635490000,199758490,0.73%,24.51%,B+,F,A,A,5.83,72924680000,30.88,3.21,22.86,11.79,12.36%,6.76%,8.65%,4.59%,7.05%,7.67%,7.20%,14.14%,32.56%,13.80%,36.68%
RYAAY,2.70,4.00,4.40,B+,F,A+,C-,C,5/18/2026,-0.99675,2878956225,1/26/2026,0.25838,0.10392,3818700249,42746821.91,1.74%,9.64%,F,-,A,F,4.02,28209211000,11.88,1.58,6.20,2.73,17.88%,14.90%,12.67%,41.54%,9.64%,10.91%,10.36%,24.27%,29.83%,13.97%,26.44%
SCHW,3.40,3.75,4.31,D-,A,A,D+,B+,-,1.46588,6582028910,4/16/2026,1.43,0.03462,6482000000,-30420060,1.28%,21.44%,B+,D-,B-,A-,-,1.53822E+11,14.69,6.37,-,3.14,8.46%,5.19%,29.07%,52.45%,14.00%,21.20%,-,-,97.46%,1.91%,19.09%
SEZL,4.68,4.60,4.33,B+,A+,A,C+,A+,5/6/2026,1.236,129160330,2/25/2026,1.21,0.25,129869000,2284200,-,-,-,-,-,-,11.03,2660191700,16.74,5.93,10.27,15.66,NM,53.06%,39.39%,69.86%,38.34%,66.08%,9.76%,59.17%,73.18%,33.26%,103.34%
SHEL,3.47,3.42,3.76,B-,D+,A+,C,B-,5/7/2026,2.21459,80353386800,2/5/2026,1.14,-0.15289,64093000000,-1722887960,3.24%,23.03%,B-,B-,C,D+,2.28,2.5118E+11,8.75,0.99,6.25,1.47,-25.02%,-11.21%,8.08%,18.58%,1.46%,-6.13%,8.52%,17.86%,25.40%,4.82%,10.19%
SKY,3.70,3.00,4.00,C-,C,B,B-,A-,5/19/2026,0.6156,607400000,2/3/2026,0.96,0.1184,656614000,7214000,-,-,-,-,-,-,7.99,4534765600,21.75,1.76,12.95,2.85,-20.86%,-1.44%,5.45%,32.12%,10.38%,8.67%,6.82%,11.70%,26.64%,10.10%,14.09%
SN,3.01,4.00,4.75,D-,B-,B+,B,B+,5/6/2026,1.00936,1377164830,2/11/2026,1.93,0.1237,2101434000,16008880,-,-,-,-,-,-,5.77,16423247000,19.10,2.55,15.49,6.10,44.52%,19.85%,16.61%,58.84%,12.84%,15.75%,4.04%,16.70%,49.01%,13.11%,30.41%
SO,3.19,3.25,3.41,C-,C-,A+,D+,B-,4/30/2026,1.21262,8105690080,2/19/2026,0.55,-0.00764,6981000000,684159910,3.17%,68.37%,A+,C+,B,B,-,1.05392E+11,20.47,3.49,12.97,2.91,7.20%,0.31%,6.68%,-1.75%,6.78%,10.59%,-11.71%,47.13%,48.47%,2.79%,11.04%
SPG,3.30,3.60,3.80,C+,C+,A+,A-,A,-,1.37872,1507240670,11/3/2025,1.0438,7.46399,1639349000,131369350,4.30%,67.50%,B+,C,B-,D+,-,76549005000,30.48,10.32,20.25,12.66,29.32%,6.35%,-3.21%,95.16%,6.55%,6.72%,36.74%,73.90%,81.90%,11.40%,104.11%
SRE,3.00,3.00,4.31,D,C,F,C+,C+,5/7/2026,1.51547,4162937500,2/26/2026,1.28,0.1078,3749000000,-298649920,2.78%,54.66%,A-,C,B-,B+,-,60890595000,18.23,4.44,19.32,1.93,-4.95%,-1.73%,5.96%,-37.78%,1.96%,3.92%,-202.36%,40.15%,41.18%,1.66%,5.19%
SSNC,3.24,3.00,4.22,C+,C-,A-,D,A,7/23/2026,1.67792,1664352140,4/23/2026,1.69,0.03833,1648200000,18240880,1.58%,16.56%,C+,B+,C,B+,1.73,16199233000,9.77,2.56,11.49,2.37,10.27%,6.18%,11.47%,-0.07%,6.35%,7.46%,19.97%,31.88%,48.03%,3.98%,11.80%
STLD,4.60,3.00,4.18,D,B-,B,A-,A-,-,3.98657,5596087200,4/20/2026,2.78,-0.00535,5204858000,140664240,0.90%,21.71%,B+,D+,A-,B+,4.89,32821553000,15.31,1.75,15.82,3.58,-26.08%,-4.14%,19.75%,23.01%,8.58%,10.44%,-0.17%,12.18%,14.04%,8.20%,15.25%
STT,4.89,3.66,3.87,C+,B,A+,A+,B+,7/14/2026,3.13901,3767717670,4/17/2026,2.84,0.19719,3796000000,108023620,2.18%,29.50%,A-,B-,C+,A,-,41743675000,12.10,2.95,-,1.73,4.07%,5.94%,16.59%,10.77%,6.57%,9.99%,-,-,-,0.78%,11.26%
STZ,2.76,3.20,3.95,D,D-,A,B-,C-,6/26/2026,3.27507,2416434830,4/8/2026,1.9,0.18505,1920200000,40486390,2.62%,34.55%,C+,C-,A,C+,3.00,26858918000,13.19,2.99,11.31,3.33,NM,-1.12%,-3.29%,NM,-3.13%,-10.48%,22.41%,37.03%,51.65%,7.70%,22.64%
SWK,2.88,3.00,3.55,A-,D+,C,C+,C-,4/29/2026,0.59434,3747281280,2/4/2026,1.41,0.12724,3684600000,-95459570,4.32%,70.66%,A+,A-,C,B+,2.04,11901152000,14.70,0.77,10.65,1.31,-27.68%,-3.71%,11.63%,40.21%,-0.24%,-1.53%,5.65%,11.15%,30.63%,1.89%,4.52%
SWKS,3.22,3.50,3.28,A-,F,A-,C+,B,5/5/2026,1.04446,901794550,2/3/2026,1.54,0.14105,1035400000,33898900,4.45%,48.04%,B-,A+,C+,B+,5.11,9573339000,13.60,2.38,9.73,1.66,-30.70%,-8.57%,-7.32%,-20.07%,-2.43%,0.22%,27.13%,23.33%,41.13%,5.01%,6.49%
SYY,4.07,4.00,4.00,C-,C-,A-,B-,B+,4/28/2026,0.94372,20554199880,1/27/2026,0.99,0.01358,20762000000,-14929290,2.82%,46.51%,A+,C-,B+,B,5.17,36609327000,16.68,0.45,11.16,16.06,8.18%,3.95%,5.07%,-4.92%,3.95%,2.58%,2.12%,5.47%,18.46%,6.61%,82.34%
TCEHY,3.24,4.00,4.00,D-,A,A+,D+,C+,5/13/2026,1.133003484,29062912022,3/18/2026,1.013472226,-0.051736654,28278726685,86632796.06,1.08%,17.28%,C,D+,B,D+,4.97,5.68108E+11,13.44,5.32,14.79,3.45,6.10%,10.67%,15.63%,17.90%,13.42%,13.86%,18.54%,36.37%,56.25%,11.03%,20.03%
TDW,3.31,3.50,3.00,D,C,A-,A,C,5/7/2026,0.68,324802200,3/2/2026,0.4501,-0.3174,336798000,7408800,-,-,-,-,-,-,2.53,4388248000,21.76,3.28,10.52,3.21,NM,27.83%,21.13%,95.29%,6.38%,0.52%,32.75%,31.55%,49.22%,14.02%,26.97%
TEX,2.70,4.00,3.84,C-,D,C,B,D-,5/1/2026,0.77541,1699203940,2/11/2026,1.12,0.01496,1318000000,20618330,1.09%,13.77%,D+,B-,C,B,2.38,7116483000,13.06,0.76,14.38,1.94,-9.69%,7.06%,-2.09%,-32.86%,18.16%,5.73%,6.37%,11.62%,19.39%,3.60%,11.26%
TFC,4.48,3.25,3.76,B,C+,A-,B,B,7/17/2026,1.07542,5246897340,4/17/2026,1.09,0.09362,5197000000,14047410,4.10%,49.52%,C+,B+,D+,C-,-,63203443000,11.16,3.46,-,1.07,-4.56%,-4.80%,15.16%,NM,18.07%,61.80%,-,-,-,1.01%,8.58%
THC,3.30,4.00,4.54,A-,D-,A,B-,A-,4/30/2026,4.16503,5395834830,2/11/2026,4.7,0.63485,5527000000,55111840,-,-,-,-,-,-,1.92,15840469000,10.52,0.76,6.92,3.73,50.71%,3.58%,13.79%,-52.63%,2.73%,3.07%,7.87%,21.75%,41.37%,4.74%,27.02%
TMUS,3.16,3.50,4.31,D+,B-,A+,C-,D+,4/28/2026,2.11,23015261980,2/11/2026,2.4149,0.41469,24334000000,65934920,2.00%,35.60%,D-,C-,A-,B+,1.83,2.09134E+11,16.91,2.42,9.97,3.55,61.90%,3.53%,11.45%,0.62%,6.69%,8.49%,9.06%,37.17%,63.16%,5.01%,18.18%
TOL,2.93,3.50,4.11,C-,D-,B+,B+,C+,5/19/2026,2.57546,2415726370,2/17/2026,2.19,0.08262,2145627000,290421310,0.69%,7.14%,C-,D+,A,B,4.08,13894124000,11.49,1.27,8.23,1.65,1.33%,3.11%,-2.07%,-3.93%,1.29%,4.60%,7.78%,16.80%,25.41%,9.56%,17.00%
TRGP,3.32,3.00,4.59,D-,B+,B+,B,C+,5/7/2026,2.48453,4789295510,2/16/2026,2.6855,0.21179,4055500000,153680400,1.66%,47.11%,C,D,B,A+,2.22,51700687000,23.03,3.05,14.28,16.84,17.17%,-6.65%,26.03%,47.91%,12.80%,3.95%,-1.55%,28.46%,38.29%,7.63%,51.38%
TRV,3.43,4.00,3.40,C,D-,A+,B,B+,7/17/2026,4.83444,10966666670,4/16/2026,7.71,0.63176,10605000000,-501250000,1.45%,13.14%,A+,C-,A-,A+,-,64373928000,10.76,1.37,6.92,2.01,39.53%,9.01%,9.70%,82.92%,2.29%,4.12%,27.18%,21.61%,32.88%,5.34%,25.27%
TSCO,1.69,3.50,4.00,D+,D,B+,D-,D-,-,0.85753,4664354020,4/21/2026,0.31,-0.03201,3592046000,-46264030,2.53%,45.59%,B+,C-,A-,C,4.64,19325473000,17.25,1.24,13.07,7.69,-0.10%,2.62%,4.49%,0.98%,4.81%,4.64%,2.24%,12.47%,36.43%,9.27%,45.50%
TTC,3.35,4.00,3.80,C-,D-,B+,B+,A,6/4/2026,1.5,1393663000,3/5/2026,0.74,0.092,1036300000,35680000,1.62%,35.50%,A+,B-,B+,A-,4.37,9230924000,21.01,2.06,15.92,6.50,-11.68%,-1.28%,8.30%,-14.65%,2.59%,-0.55%,12.74%,14.13%,33.22%,8.95%,22.95%
TTE,4.96,3.75,3.71,B,C+,A+,B,A+,4/29/2026,2.16,46282777330,2/11/2026,1.73,-0.0375,45925000000,13825338950,4.40%,-,D+,B,D+,C,1.85,1.92356E+11,8.08,1.08,6.93,1.68,-13.84%,-11.53%,-,-13.60%,-0.33%,-6.78%,7.81%,17.97%,35.98%,4.51%,11.23%
TXT,2.71,4.00,3.58,C-,D,B-,C+,D+,4/30/2026,1.30412,3504142340,1/28/2026,1.73,0.02599,4175000000,110561580,0.09%,1.31%,C+,D,A-,A+,2.59,15313739000,13.59,1.06,10.70,1.95,2.27%,4.77%,10.01%,17.97%,5.80%,8.01%,5.76%,11.15%,18.04%,5.08%,12.24%
UAL,3.12,4.00,4.65,A,C-,A+,C,D,-,1.81737,17480107220,4/21/2026,1.19,0.10795,14608000000,232069050,-,-,-,-,-,-,1.30,30184985000,10.06,0.50,5.96,1.90,24.05%,7.39%,9.84%,2.38%,6.80%,4.72%,2.72%,13.04%,33.79%,4.53%,25.73%
UBER,3.08,4.28,4.45,C+,A-,A+,D+,C,5/6/2026,0.71462,13261741300,2/4/2026,0.71,-0.635,14366000000,43332980,-,-,-,-,-,-,4.08,1.52029E+11,22.50,2.99,24.26,5.71,NM,17.73%,-1.61%,3.62%,14.88%,18.28%,12.20%,12.13%,38.50%,16.27%,39.93%
UL,3.36,3.25,4.40,C-,D,A+,C-,A+,7/28/2026,-,14737335835,2/12/2026,-,-,14938872404,274249039.2,3.99%,-,-,B,-,-,3.49,1.26492E+11,15.67,2.13,12.27,6.92,7.41%,-5.62%,4.28%,6.15%,-0.64%,-3.77%,12.42%,21.48%,46.95%,13.44%,30.96%
ULTA,3.02,3.50,4.07,D,D,A-,B-,B,6/2/2026,6.87977,3108821000,3/12/2026,8.01,-0.03254,3898361000,76025440,-,-,-,-,-,-,6.12,24330670000,19.58,2.02,14.19,8.80,-2.45%,6.68%,7.61%,1.18%,7.32%,9.71%,7.26%,14.80%,43.05%,16.48%,43.59%
UNH,3.46,4.13,4.32,B-,D-,A+,B-,A,-,4.84437,1.10905E+11,4/21/2026,7.23,0.62824,1.11721E+11,2069426800,2.49%,40.58%,A-,B,C+,A-,-,3.22343E+11,19.36,0.72,17.41,3.11,-16.52%,10.21%,-9.19%,-44.39%,4.49%,9.67%,3.93%,4.77%,18.80%,3.85%,12.18%
UNP,3.27,4.00,4.20,D+,D-,A+,B+,B,-,3.12957,6535227210,4/23/2026,2.93,0.06937,6217000000,-8483010,2.04%,46.05%,A+,B-,A,A,3.88,1.59531E+11,21.41,6.45,15.10,8.22,1.01%,-0.50%,7.00%,9.49%,3.79%,1.87%,16.33%,50.96%,56.53%,10.36%,40.69%
URBN,4.24,4.00,3.61,C+,C-,B,B+,A-,5/19/2026,1.1448,1458037160,2/25/2026,1.43,0.16751,1801770000,11212060,-,-,-,-,-,-,4.19,6303678500,12.43,1.08,8.64,2.35,42.79%,8.74%,16.87%,18.78%,8.85%,11.07%,3.50%,12.01%,36.00%,9.28%,17.59%
USB,3.46,3.66,3.95,C+,D+,A+,B+,A,7/16/2026,1.25315,7535093480,4/16/2026,1.18,0.03893,7288000000,1502200,3.71%,43.19%,A-,B,D+,B+,-,86426900000,10.92,3.24,-,1.47,9.37%,4.33%,14.22%,18.08%,5.44%,5.09%,-,-,-,1.11%,12.35%
VAL,3.31,4.00,2.66,C-,B-,B,A+,C-,5/4/2026,-0.065,443712080,2/19/2026,0.6223,-0.21292,537400000,42986480,-,-,-,-,-,-,2.42,6315069000,29.00,2.72,10.72,1.99,77.24%,13.92%,10.77%,170.70%,1.63%,0.27%,6.97%,27.07%,31.21%,18.53%,36.16%
VLTO,2.81,3.00,4.05,D-,B-,A-,D+,B,4/28/2026,1.00556,1399456040,2/3/2026,1.04,0.05926,1396000000,-9734870,0.54%,16.15%,D-,D,A+,B+,5.06,21761980000,21.10,4.00,16.66,7.09,3.62%,4.16%,8.84%,12.57%,5.83%,5.97%,14.82%,24.66%,59.95%,12.22%,36.50%
VSCO,4.83,3.66,3.80,C,B+,C+,A+,A,6/3/2026,0.3183,1523708900,3/5/2026,2.77,0.24496,2269804000,38054350,-,-,-,-,-,-,2.14,4247049000,15.20,0.64,10.66,4.93,-22.66%,1.09%,15.08%,-5.85%,5.14%,5.18%,4.20%,9.49%,36.49%,3.21%,24.02%
WBS,3.18,-,3.07,D+,D,C+,A,B-,4/28/2026,1.53151,733972540,1/23/2026,1.59,0.05779,746203000,14538920,2.23%,26.89%,-,C-,-,-,-,11577681000,10.86,4.42,-,1.26,15.89%,6.83%,11.22%,35.01%,7.37%,13.05%,-,-,-,1.19%,10.77%
WEC,3.05,3.20,3.65,C-,C+,C+,D+,B-,5/5/2026,2.29657,3417437850,2/5/2026,1.42,0.03166,2537100000,350419160,3.17%,67.61%,A+,C+,B,B+,-,37325177000,20.49,3.76,15.55,2.74,3.42%,0.70%,7.16%,-0.41%,7.74%,13.96%,-21.83%,39.47%,42.38%,3.02%,11.58%
WFC,2.98,3.20,4.12,C-,B,F,D+,C-,7/14/2026,1.70602,21781555560,4/14/2026,1.56,-0.04275,21446000000,-345000000,2.20%,26.56%,B,D+,D+,A,-,2.4337E+11,11.34,3.09,-,1.49,13.40%,3.19%,13.58%,16.33%,3.75%,5.02%,-,-,-,0.98%,12.03%
WFRD,3.30,3.00,4.16,D-,A-,B,A-,C+,7/22/2026,0.96401,1100826380,4/21/2026,1.49,0.43768,1152000000,7174230,1.17%,16.04%,F,D-,B+,A+,2.45,7806775300,19.08,1.60,8.56,4.44,37.53%,2.12%,1.33%,1.69%,-2.58%,-8.81%,9.18%,20.18%,30.76%,9.11%,30.78%
XEL,3.02,3.50,4.57,D+,B,D,C-,C-,4/30/2026,0.90781,4112861130,2/5/2026,0.96,0.00059,3561000000,-216807120,2.91%,60.16%,A,C,B,B+,-,49402438000,19.23,3.17,14.25,2.09,5.15%,-1.42%,8.96%,-0.54%,8.70%,9.14%,-47.84%,40.77%,45.74%,2.48%,9.36%
XYZ,4.21,3.87,4.40,D+,A,B-,C-,B,5/7/2026,0.67691,6043389200,2/26/2026,0.65,0.001,6252478000,32815190,-,-,-,-,-,-,2.73,42666790000,19.81,1.81,21.45,1.94,NM,11.33%,12.43%,-53.91%,6.74%,0.30%,-4.28%,8.56%,43.06%,3.30%,6.01%
YUM,3.12,3.00,3.75,F,C-,A,B,B,4/29/2026,1.38948,2043163080,2/4/2026,1.73,-0.02622,2514000000,63579120,1.80%,47.60%,B,D,A+,B,2.54,44265054000,24.00,5.44,19.50,NM,5.57%,6.28%,10.89%,6.32%,8.38%,8.81%,15.95%,35.43%,46.17%,19.02%,NM
ZBH,2.80,4.00,3.37,C,D-,A,C+,D+,4/28/2026,1.86265,2069525500,2/10/2026,2.42,0.02225,2243800000,20170010,1.05%,11.71%,C-,C+,B+,A,2.53,17665114000,10.87,2.20,9.99,1.41,44.98%,5.85%,3.98%,-19.86%,4.91%,7.20%,16.42%,30.32%,69.71%,3.05%,5.60%
ZM,2.98,4.00,3.96,B-,F,A+,B-,D,5/22/2026,1.41671,1223953980,2/25/2026,1.44,-0.04619,1246992000,13217610,-,-,-,-,-,-,8.80,27118193000,15.67,5.68,15.19,2.77,163.63%,3.49%,3.48%,92.82%,4.16%,4.36%,40.33%,26.18%,77.39%,15.89%,20.28%
ZTS,3.28,3.80,4.05,D,D+,A+,C-,A+,5/7/2026,1.61971,2310800520,2/12/2026,1.48,0.07683,2387000000,25395880,1.76%,31.15%,B-,C+,A+,A,6.31,49145844000,16.62,5.47,13.81,14.91,8.13%,5.42%,8.55%,10.05%,3.93%,2.28%,18.92%,42.95%,71.89%,17.28%,65.99%
